_id,EKITALDIA/EJERCICIO,LINEA_KODEA/CODIGO LINEA,LINEA/LINEA,DENBORALDI/TEMPORADA,EGUN MOTA/TIPO DIA,KOPURUA/NUMERO DIAS,ESPEDIZIOAK EGUNEAN/EXPEDICIONES AL DIA,ESPEDIZIOAK GUZTIRA/TOTAL EXPEDICIONES,JOANAK EGUNEAN/IDAS AL DIA,JOANAK GUZTIRA/TOTAL IDAS,ITZULIAK EGUNEAN/VUELTAS AL DIA,ITZULIAK GUZTIRA/TOTAL VUELTAS
1,2025,A0651,BILBAO - BALMASEDA,Negua,Festivo,42,30,1260,15,630,15,630
2,2025,A0651,BILBAO - BALMASEDA,Negua,Laborable,196,64,12544,32,6272,32,6272
3,2025,A0651,BILBAO - BALMASEDA,Negua,Sabado,36,32,1152,16,576,16,576
4,2025,A0651,BILBAO - BALMASEDA,Negua Instituturik gabe,Festivo,21,30,630,15,315,15,315
5,2025,A0651,BILBAO - BALMASEDA,Negua Instituturik gabe,Laborable,52,64,3328,32,1664,32,1664
6,2025,A0651,BILBAO - BALMASEDA,Negua Instituturik gabe,Sabado,14,32,448,16,224,16,224
7,2025,A0651,BILBAO - BALMASEDA,Gabonak (24-31),Laborable,2,54,108,26,52,28,56
8,2025,A0651,BILBAO - BALMASEDA,Gabonak (25 -1),Festivo,2,19,38,10,20,9,18
9,2025,A0652,LANESTOSA - BALMASEDA,Negua,Festivo,51,4,204,2,102,2,102
10,2025,A0652,LANESTOSA - BALMASEDA,Negua,Laborable,207,14,2898,7,1449,7,1449
11,2025,A0652,LANESTOSA - BALMASEDA,Negua,Sabado,41,4,164,2,82,2,82
12,2025,A0652,LANESTOSA - BALMASEDA,Negua Instituturik gabe,Festivo,12,6,72,3,36,3,36
13,2025,A0652,LANESTOSA - BALMASEDA,Negua Instituturik gabe,Laborable,41,14,574,7,287,7,287
14,2025,A0652,LANESTOSA - BALMASEDA,Negua Instituturik gabe,Sabado,9,6,54,3,27,3,27
15,2025,A0652,LANESTOSA - BALMASEDA,Gabonak (24-31),Laborable,2,13,26,7,14,6,12
16,2025,A0652,LANESTOSA - BALMASEDA,Gabonak (25 -1),Festivo,2,4,8,2,4,2,4
17,2025,A0653,TRUCIOS TURTZIOZ - ARTZENTALES,Bakarra,Laborable,250,14,3500,7,1750,7,1750
18,2025,A0654,BALMASEDA - Gurutzeta/Cruces - UPV/EHU,Negua Instituturik gabe,Laborable,52,26,1352,14,728,12,624
19,2025,A0654,BALMASEDA - Gurutzeta/Cruces - UPV/EHU,EHU Eskola-egunak,Laborable,173,26,4498,14,2422,12,2076
20,2025,A0654,BALMASEDA - Gurutzeta/Cruces - UPV/EHU,EHU Ez Eskolakoa,Laborable,23,26,598,14,322,12,276
21,2025,A0654,BALMASEDA - Gurutzeta/Cruces - UPV/EHU,Gabonak (24-31),Laborable,2,25,50,14,28,11,22
22,2025,A2151,Areeta/Las Arenas - LARRABETZU,Negua,Festivo,19,16,304,8,152,8,152
23,2025,A2151,Areeta/Las Arenas - LARRABETZU,Negua,Laborable,55,35,1925,18,990,17,935
24,2025,A2151,Areeta/Las Arenas - LARRABETZU,Negua,Sabado,13,16,208,8,104,8,104
25,2025,A2151,Areeta/Las Arenas - LARRABETZU,Uda,Festivo,6,16,96,8,48,8,48
26,2025,A2151,Areeta/Las Arenas - LARRABETZU,Uda,Laborable,20,33,660,17,340,16,320
27,2025,A2151,Areeta/Las Arenas - LARRABETZU,Uda,Sabado,5,16,80,8,40,8,40
28,2025,A2151,Areeta/Las Arenas - LARRABETZU,EHU Eskola-egunak,Festivo,38,16,608,8,304,8,304
29,2025,A2151,Areeta/Las Arenas - LARRABETZU,EHU Eskola-egunak,Laborable,173,35,6055,18,3114,17,2941
30,2025,A2151,Areeta/Las Arenas - LARRABETZU,EHU Eskola-egunak,Sabado,32,16,512,8,256,8,256
31,2025,A2151,Areeta/Las Arenas - LARRABETZU,Gabonak (24-31),Laborable,2,31,62,16,32,15,30
32,2025,A2151,Areeta/Las Arenas - LARRABETZU,Gabonak (25 -1),Festivo,2,10,20,5,10,5,10
33,2025,A2153,BILBAO - Txorierri - LARRABETZU,Negua,Festivo,51,30,1530,15,765,15,765
34,2025,A2153,BILBAO - Txorierri - LARRABETZU,Negua,Laborable,207,33,6831,16,3312,17,3519
35,2025,A2153,BILBAO - Txorierri - LARRABETZU,Negua,Sabado,41,32,1312,16,656,16,656
36,2025,A2153,BILBAO - Txorierri - LARRABETZU,Negua Instituturik gabe,Festivo,12,30,360,15,180,15,180
37,2025,A2153,BILBAO - Txorierri - LARRABETZU,Negua Instituturik gabe,Laborable,41,32,1312,16,656,16,656
38,2025,A2153,BILBAO - Txorierri - LARRABETZU,Negua Instituturik gabe,Sabado,9,32,288,16,144,16,144
39,2025,A2153,BILBAO - Txorierri - LARRABETZU,Gabonak (24-31),Laborable,2,29,58,14,28,15,30
40,2025,A2153,BILBAO - Txorierri - LARRABETZU,Gabonak (25 -1),Festivo,2,19,38,10,20,9,18
41,2025,A2161,Bizkaia Zubia/Puente Bizkaia - UPV/EHU,EHU Eskola-egunak,Festivo,43,27,1161,14,602,13,559
42,2025,A2161,Bizkaia Zubia/Puente Bizkaia - UPV/EHU,EHU Eskola-egunak,Laborable,198,58,11484,30,5940,28,5544
43,2025,A2161,Bizkaia Zubia/Puente Bizkaia - UPV/EHU,EHU Eskola-egunak,Sabado,37,31,1147,16,592,15,555
44,2025,A2161,Bizkaia Zubia/Puente Bizkaia - UPV/EHU,EHU Murriztua,Festivo,20,27,540,14,280,13,260
45,2025,A2161,Bizkaia Zubia/Puente Bizkaia - UPV/EHU,EHU Murriztua,Laborable,50,31,1550,16,800,15,750
46,2025,A2161,Bizkaia Zubia/Puente Bizkaia - UPV/EHU,EHU Murriztua,Sabado,13,31,403,16,208,15,195
47,2025,A2161,Bizkaia Zubia/Puente Bizkaia - UPV/EHU,Gabonak (24-31),Laborable,2,26,52,13,26,13,26
48,2025,A2161,Bizkaia Zubia/Puente Bizkaia - UPV/EHU,Gabonak (25 -1),Festivo,2,19,38,10,20,9,18
49,2025,A2162,Andramari/Santa Maria Getxo - UPV/EHU (Algorta),EHU Eskola-egunak,Laborable,198,26,5148,13,2574,13,2574
298,2025,A3499,PLENTZIA - GORLIZ,Uda,Sabado,5,94,470,47,235,47,235
50,2025,A2163,ERANDIO - UPV/EHU,EHU Eskola-egunak,Laborable,173,3,519,2,346,1,173
51,2025,A2164,Andramari/Santa Maria Getxo - UPV/EHU (Fadura),EHU Eskola-egunak,Laborable,173,6,1038,4,692,2,346
52,2025,A2166,Uribe Kosta - UPV/EHU,EHU Eskola-egunak,Laborable,173,13,2249,6,1038,7,1211
53,2025,A2312,Zabalburu - UPV/EHU  (Juan de Garay),EHU Eskola-egunak,Laborable,198,20,3960,9,1782,11,2178
54,2025,A2314,BILBAO - Erandiogoikoa - UPV/EHU,EHU Eskola-egunak,Laborable,198,46,9108,23,4554,23,4554
55,2025,A2314,BILBAO - Erandiogoikoa - UPV/EHU,EHU Eskola-egunak,Sabado,37,11,407,6,222,5,185
56,2025,A2314,BILBAO - Erandiogoikoa - UPV/EHU,EHU Murriztua,Laborable,10,22,220,11,110,11,110
57,2025,A2314,BILBAO - Erandiogoikoa - UPV/EHU,EHU Ez Eskolakoa,Laborable,12,43,516,21,252,22,264
58,2025,A2314,BILBAO - Erandiogoikoa - UPV/EHU,EHU Abuztua (A2314),Laborable,11,14,154,8,88,6,66
59,2025,A2315,SANTURTZI - PORTUGALETE - UPV/EHU,EHU Eskola-egunak,Laborable,173,24,4152,13,2249,11,1903
60,2025,A2315,SANTURTZI - PORTUGALETE - UPV/EHU,EHU Murriztua,Laborable,32,22,704,11,352,11,352
61,2025,A2315,SANTURTZI - PORTUGALETE - UPV/EHU,EHU Ez Eskolakoa,Laborable,14,6,84,3,42,3,42
62,2025,A2316,SESTAO - UPV/EHU,EHU Eskola-egunak,Laborable,173,10,1730,5,865,5,865
63,2025,A2318,Termibus - UPV/EHU (Autopista),EHU Eskola-egunak,Laborable,198,69,13662,35,6930,34,6732
64,2025,A2318,Termibus - UPV/EHU (Autopista),EHU Murriztua,Laborable,32,23,736,12,384,11,352
65,2025,A2318,Termibus - UPV/EHU (Autopista),Gabonak (24-31),Laborable,1,22,22,12,12,10,10
66,2025,A2321,Santutxu - UPV/EHU (Autopista),EHU Eskola-egunak,Lunes a Jueves,138,6,828,3,414,3,414
67,2025,A2321,Santutxu - UPV/EHU (Autopista),EHU Eskola-egunak,Laborable,173,28,4844,14,2422,14,2422
68,2025,A2321,Santutxu - UPV/EHU (Autopista),EHU Murriztua,Laborable,32,28,896,14,448,14,448
69,2025,A2322,BILBAO - ERANDIO - Astrabudua - UPV/EHU,Bakarra,Festivo,63,16,1008,8,504,8,504
70,2025,A2322,BILBAO - ERANDIO - Astrabudua - UPV/EHU,Bakarra,Laborable,248,34,8432,17,4216,17,4216
71,2025,A2322,BILBAO - ERANDIO - Astrabudua - UPV/EHU,Bakarra,Sabado,50,32,1600,16,800,16,800
72,2025,A2322,BILBAO - ERANDIO - Astrabudua - UPV/EHU,Gabonak (24-31),Laborable,2,29,58,15,30,14,28
73,2025,A2322,BILBAO - ERANDIO - Astrabudua - UPV/EHU,Gabonak (25 -1),Festivo,2,11,22,5,10,6,12
74,2025,A2324,BILBAO - UPV/EHU (Enekuri),EHU Eskola-egunak,Laborable,173,12,2076,5,865,7,1211
75,2025,A2326,BARAKALDO - UPV/EHU,EHU Eskola-egunak,Laborable,173,22,3806,12,2076,10,1730
76,2025,A2326,BARAKALDO - UPV/EHU,EHU Murriztua,Laborable,32,21,672,11,352,10,320
77,2025,A2336,MUSKIZ - UPV/EHU,EHU Eskola-egunak,Lunes a Jueves,164,10,1640,4,656,6,984
78,2025,A2336,MUSKIZ - UPV/EHU,EHU Eskola-egunak,Viernes,41,10,410,4,164,6,246
79,2025,A2610,GALDAKAO - UPV/EHU,EHU Eskola-egunak,Laborable,173,24,4152,13,2249,11,1903
80,2025,A2610,GALDAKAO - UPV/EHU,EHU Murriztua,Laborable,32,22,704,11,352,11,352
81,2025,A2611,UGAO MIRABALLES - BASAURI - ETXEBARRI - UPV/EHU,EHU Eskola-egunak,Laborable,173,10,1730,5,865,5,865
82,2025,A3115,BILBAO - SANTURTZI,Bakarra,Festivo,63,54,3402,27,1701,27,1701
83,2025,A3115,BILBAO - SANTURTZI,Bakarra,Laborable,248,104,25792,52,12896,52,12896
84,2025,A3115,BILBAO - SANTURTZI,Bakarra,Sabado,50,104,5200,52,2600,52,2600
85,2025,A3115,BILBAO - SANTURTZI,Gabonak (24-31),Laborable,2,88,176,44,88,44,88
86,2025,A3115,BILBAO - SANTURTZI,Gabonak (25 -1),Festivo,2,40,80,20,40,20,40
87,2025,A3122,BILBAO - SESTAO - Errepelega/Repelega,Bakarra,Festivo,63,32,2016,16,1008,16,1008
88,2025,A3122,BILBAO - SESTAO - Errepelega/Repelega,Bakarra,Laborable,248,34,8432,17,4216,17,4216
89,2025,A3122,BILBAO - SESTAO - Errepelega/Repelega,Bakarra,Sabado,50,34,1700,17,850,17,850
90,2025,A3122,BILBAO - SESTAO - Errepelega/Repelega,Gabonak (24-31),Laborable,2,28,56,14,28,14,28
91,2025,A3122,BILBAO - SESTAO - Errepelega/Repelega,Gabonak (25 -1),Festivo,2,20,40,10,20,10,20
92,2025,A3129,Lutxana - Gurutzeta/Cruces - SANTURTZI,Negua,Festivo,57,63,3591,32,1824,31,1767
93,2025,A3129,Lutxana - Gurutzeta/Cruces - SANTURTZI,Negua,Laborable,228,130,29640,65,14820,65,14820
94,2025,A3129,Lutxana - Gurutzeta/Cruces - SANTURTZI,Negua,Sabado,45,130,5850,65,2925,65,2925
95,2025,A3129,Lutxana - Gurutzeta/Cruces - SANTURTZI,Uda,Festivo,6,63,378,32,192,31,186
96,2025,A3129,Lutxana - Gurutzeta/Cruces - SANTURTZI,Uda,Laborable,20,68,1360,35,700,33,660
97,2025,A3129,Lutxana - Gurutzeta/Cruces - SANTURTZI,Uda,Sabado,5,67,335,34,170,33,165
98,2025,A3129,Lutxana - Gurutzeta/Cruces - SANTURTZI,Gabonak (24-31),Laborable,2,111,222,56,112,55,110
99,2025,A3129,Lutxana - Gurutzeta/Cruces - SANTURTZI,Gabonak (25 -1),Festivo,2,41,82,21,42,20,40
100,2025,A3135,SESTAO - Cabieces,Negua,Festivo,51,93,4743,46,2346,47,2397
101,2025,A3135,SESTAO - Cabieces,Negua,Laborable,207,128,26496,64,13248,64,13248
102,2025,A3135,SESTAO - Cabieces,Negua,Sabado,41,128,5248,64,2624,64,2624
103,2025,A3135,SESTAO - Cabieces,Uda,Festivo,12,93,1116,47,564,46,552
104,2025,A3135,SESTAO - Cabieces,Uda,Laborable,41,128,5248,64,2624,64,2624
105,2025,A3135,SESTAO - Cabieces,Uda,Sabado,9,97,873,49,441,48,432
106,2025,A3135,SESTAO - Cabieces,Gabonak (24-31),Laborable,2,109,218,56,112,53,106
107,2025,A3135,SESTAO - Cabieces,Gabonak (25 -1),Festivo,2,60,120,29,58,31,62
108,2025,A3136,BILBAO - BARAKALDO - SANTURTZI,Bakarra,Festivo,63,79,4977,39,2457,40,2520
109,2025,A3136,BILBAO - BARAKALDO - SANTURTZI,Bakarra,Laborable,248,82,20336,41,10168,41,10168
110,2025,A3136,BILBAO - BARAKALDO - SANTURTZI,Bakarra,Sabado,50,82,4100,41,2050,41,2050
111,2025,A3136,BILBAO - BARAKALDO - SANTURTZI,Gabonak (24-31),Laborable,2,63,126,32,64,31,62
112,2025,A3136,BILBAO - BARAKALDO - SANTURTZI,Gabonak (25 -1),Festivo,2,54,108,30,60,24,48
113,2025,A3137,BILBAO - BARAKALDO,Bakarra,Festivo,63,54,3402,28,1764,26,1638
114,2025,A3137,BILBAO - BARAKALDO,Bakarra,Laborable,248,64,15872,32,7936,32,7936
115,2025,A3137,BILBAO - BARAKALDO,Bakarra,Sabado,50,64,3200,32,1600,32,1600
116,2025,A3137,BILBAO - BARAKALDO,Gabonak (24-31),Laborable,2,54,108,27,54,27,54
117,2025,A3137,BILBAO - BARAKALDO,Gabonak (25 -1),Festivo,2,39,78,21,42,18,36
118,2025,A3141,Gurutzeta/Cruces - Bagatza - VALLE DE TRAPAGA TRAPAGARAN,Bakarra,Festivo,63,33,2079,16,1008,17,1071
119,2025,A3141,Gurutzeta/Cruces - Bagatza - VALLE DE TRAPAGA TRAPAGARAN,Bakarra,Laborable,248,63,15624,31,7688,32,7936
120,2025,A3141,Gurutzeta/Cruces - Bagatza - VALLE DE TRAPAGA TRAPAGARAN,Bakarra,Sabado,50,63,3150,31,1550,32,1600
121,2025,A3141,Gurutzeta/Cruces - Bagatza - VALLE DE TRAPAGA TRAPAGARAN,Gabonak (24-31),Laborable,2,53,106,27,54,26,52
122,2025,A3141,Gurutzeta/Cruces - Bagatza - VALLE DE TRAPAGA TRAPAGARAN,Gabonak (25 -1),Festivo,2,21,42,10,20,11,22
123,2025,A3144,BILBAO - Gurutzeta/Cruces - BARAKALDO (Ugarte),Bakarra,Laborable,248,69,17112,34,8432,35,8680
124,2025,A3144,BILBAO - Gurutzeta/Cruces - BARAKALDO (Ugarte),Bakarra,Sabado,50,69,3450,34,1700,35,1750
125,2025,A3144,BILBAO - Gurutzeta/Cruces - BARAKALDO (Ugarte),Gabonak (24-31),Laborable,2,59,118,29,58,30,60
126,2025,A3151,BILBAO - SANTURTZI  - PORTUGALETE (Autopista),Bakarra,Laborable,248,64,15872,31,7688,33,8184
127,2025,A3151,BILBAO - SANTURTZI  - PORTUGALETE (Autopista),Bakarra,Sabado,50,64,3200,31,1550,33,1650
128,2025,A3151,BILBAO - SANTURTZI  - PORTUGALETE (Autopista),Gabonak (24-31),Laborable,2,55,110,27,54,28,56
129,2025,A3223,BILBAO - LARRABETZU (Artxandako Tunelak/Tuneles Artxanda),Bakarra,Festivo,63,17,1071,9,567,8,504
130,2025,A3223,BILBAO - LARRABETZU (Artxandako Tunelak/Tuneles Artxanda),Bakarra,Laborable,248,35,8680,18,4464,17,4216
131,2025,A3223,BILBAO - LARRABETZU (Artxandako Tunelak/Tuneles Artxanda),Bakarra,Sabado,50,35,1750,18,900,17,850
132,2025,A3223,BILBAO - LARRABETZU (Artxandako Tunelak/Tuneles Artxanda),Gabonak (24-31),Laborable,2,29,58,15,30,14,28
133,2025,A3223,BILBAO - LARRABETZU (Artxandako Tunelak/Tuneles Artxanda),Gabonak (25 -1),Festivo,2,9,18,4,8,5,10
134,2025,A3224,BILBAO - DERIO - Teknologia Parkea/Parque TecnolÃ³gico,Negua,Festivo,57,16,912,8,456,8,456
135,2025,A3224,BILBAO - DERIO - Teknologia Parkea/Parque TecnolÃ³gico,Negua,Laborable,228,33,7524,17,3876,16,3648
136,2025,A3224,BILBAO - DERIO - Teknologia Parkea/Parque TecnolÃ³gico,Negua,Sabado,45,16,720,8,360,8,360
137,2025,A3224,BILBAO - DERIO - Teknologia Parkea/Parque TecnolÃ³gico,Uda,Festivo,6,16,96,8,48,8,48
138,2025,A3224,BILBAO - DERIO - Teknologia Parkea/Parque TecnolÃ³gico,Uda,Laborable,20,32,640,16,320,16,320
139,2025,A3224,BILBAO - DERIO - Teknologia Parkea/Parque TecnolÃ³gico,Uda,Sabado,5,16,80,8,40,8,40
140,2025,A3224,BILBAO - DERIO - Teknologia Parkea/Parque TecnolÃ³gico,Gabonak (24-31),Laborable,2,29,58,16,32,13,26
141,2025,A3224,BILBAO - DERIO - Teknologia Parkea/Parque TecnolÃ³gico,Gabonak (25 -1),Festivo,2,10,20,5,10,5,10
142,2025,A3225,BILBAO - LAUKIZ - MUNGIA,Negua,Festivo,25,8,200,4,100,4,100
143,2025,A3225,BILBAO - LAUKIZ - MUNGIA,Negua,Laborable,75,22,1650,11,825,11,825
144,2025,A3225,BILBAO - LAUKIZ - MUNGIA,Negua,Sabado,18,14,252,7,126,7,126
145,2025,A3225,BILBAO - LAUKIZ - MUNGIA,EHU Eskola-egunak,Festivo,38,8,304,4,152,4,152
146,2025,A3225,BILBAO - LAUKIZ - MUNGIA,EHU Eskola-egunak,Laborable,173,22,3806,11,1903,11,1903
147,2025,A3225,BILBAO - LAUKIZ - MUNGIA,EHU Eskola-egunak,Sabado,32,14,448,7,224,7,224
148,2025,A3225,BILBAO - LAUKIZ - MUNGIA,Gabonak (24-31),Laborable,2,20,40,10,20,10,20
149,2025,A3225,BILBAO - LAUKIZ - MUNGIA,Gabonak (25 -1),Festivo,2,8,16,4,8,4,8
150,2025,A3247,BILBAO - Aireportua/Aeropuerto,Negua,Festivo,26,107,2782,52,1352,55,1430
151,2025,A3247,BILBAO - Aireportua/Aeropuerto,Negua,Laborable,101,107,10807,52,5252,55,5555
152,2025,A3247,BILBAO - Aireportua/Aeropuerto,Negua,Sabado,20,107,2140,52,1040,55,1100
153,2025,A3247,BILBAO - Aireportua/Aeropuerto,Uda,Festivo,37,141,5217,69,2553,72,2664
154,2025,A3247,BILBAO - Aireportua/Aeropuerto,Uda,Laborable,147,141,20727,69,10143,72,10584
155,2025,A3247,BILBAO - Aireportua/Aeropuerto,Uda,Sabado,30,141,4230,69,2070,72,2160
156,2025,A3247,BILBAO - Aireportua/Aeropuerto,Gabonak (25 -1),Festivo,2,78,156,36,72,42,84
157,2025,A3247,BILBAO - Aireportua/Aeropuerto,Gabonak 24,Laborable,1,89,89,46,46,43,43
158,2025,A3247,BILBAO - Aireportua/Aeropuerto,Gabonak 31,Laborable,1,94,94,48,48,46,46
159,2025,A3250,BILBAO - Teknologia Parkea/Parque TecnolÃ³gico (Artxandako Tunelak/Tuneles Artxanda),Negua,Lunes a Jueves,185,34,6290,18,3330,16,2960
160,2025,A3250,BILBAO - Teknologia Parkea/Parque TecnolÃ³gico (Artxandako Tunelak/Tuneles Artxanda),Negua,Viernes,45,30,1350,18,810,12,540
161,2025,A3250,BILBAO - Teknologia Parkea/Parque TecnolÃ³gico (Artxandako Tunelak/Tuneles Artxanda),Uda,Laborable,20,16,320,8,160,8,160
162,2025,A3321,PORTUGALETE - ZIERBENA - La Arena - MUSKIZ,Negua,Festivo,46,30,1380,15,690,15,690
163,2025,A3321,PORTUGALETE - ZIERBENA - La Arena - MUSKIZ,Negua,Laborable,186,34,6324,17,3162,17,3162
164,2025,A3321,PORTUGALETE - ZIERBENA - La Arena - MUSKIZ,Negua,Sabado,37,30,1110,15,555,15,555
165,2025,A3321,PORTUGALETE - ZIERBENA - La Arena - MUSKIZ,Uda,Festivo,15,55,825,27,405,28,420
166,2025,A3321,PORTUGALETE - ZIERBENA - La Arena - MUSKIZ,Uda,Laborable,57,59,3363,29,1653,30,1710
167,2025,A3321,PORTUGALETE - ZIERBENA - La Arena - MUSKIZ,Uda,Sabado,12,55,660,27,324,28,336
168,2025,A3321,PORTUGALETE - ZIERBENA - La Arena - MUSKIZ,Uda (Aurre - Gero),Festivo,2,55,110,27,54,28,56
169,2025,A3321,PORTUGALETE - ZIERBENA - La Arena - MUSKIZ,Uda (Aurre - Gero),Laborable,5,34,170,17,85,17,85
170,2025,A3321,PORTUGALETE - ZIERBENA - La Arena - MUSKIZ,Uda (Aurre - Gero),Sabado,1,55,55,27,27,28,28
171,2025,A3321,PORTUGALETE - ZIERBENA - La Arena - MUSKIZ,Gabonak (24-31),Laborable,2,30,60,15,30,15,30
172,2025,A3321,PORTUGALETE - ZIERBENA - La Arena - MUSKIZ,Gabonak (25 -1),Festivo,2,18,36,9,18,9,18
173,2025,A3323,PORTUGALETE - GALDAMES,Bakarra,Festivo,63,10,630,5,315,5,315
174,2025,A3323,PORTUGALETE - GALDAMES,Bakarra,Laborable,248,18,4464,9,2232,9,2232
175,2025,A3323,PORTUGALETE - GALDAMES,Bakarra,Sabado,50,18,900,9,450,9,450
176,2025,A3323,PORTUGALETE - GALDAMES,Gabonak (24-31),Laborable,2,15,30,8,16,7,14
177,2025,A3323,PORTUGALETE - GALDAMES,Gabonak (25 -1),Festivo,2,4,8,2,4,2,4
178,2025,A3331,SESTAO - VALLE DE TRAPAGA TRAPAGARAN,Bakarra,Festivo,63,27,1701,14,882,13,819
179,2025,A3331,SESTAO - VALLE DE TRAPAGA TRAPAGARAN,Bakarra,Laborable,248,31,7688,16,3968,15,3720
180,2025,A3331,SESTAO - VALLE DE TRAPAGA TRAPAGARAN,Bakarra,Sabado,50,27,1350,14,700,13,650
181,2025,A3331,SESTAO - VALLE DE TRAPAGA TRAPAGARAN,Gabonak (24-31),Laborable,2,27,54,14,28,13,26
182,2025,A3331,SESTAO - VALLE DE TRAPAGA TRAPAGARAN,Gabonak (25 -1),Festivo,2,18,36,9,18,9,18
183,2025,A3332,VALLE DE TRAPAGA TRAPAGARAN - SANTURTZI,Bakarra,Festivo,63,30,1890,15,945,15,945
184,2025,A3332,VALLE DE TRAPAGA TRAPAGARAN - SANTURTZI,Bakarra,Laborable,248,127,31496,63,15624,64,15872
185,2025,A3332,VALLE DE TRAPAGA TRAPAGARAN - SANTURTZI,Bakarra,Sabado,50,127,6350,63,3150,64,3200
186,2025,A3332,VALLE DE TRAPAGA TRAPAGARAN - SANTURTZI,Gabonak (24-31),Laborable,2,107,214,54,108,53,106
187,2025,A3332,VALLE DE TRAPAGA TRAPAGARAN - SANTURTZI,Gabonak (25 -1),Festivo,2,20,40,10,20,10,20
188,2025,A3333,Gallarta - SANTURTZI,Bakarra,Festivo,63,55,3465,27,1701,28,1764
189,2025,A3333,Gallarta - SANTURTZI,Bakarra,Laborable,248,123,30504,62,15376,61,15128
190,2025,A3333,Gallarta - SANTURTZI,Bakarra,Sabado,50,64,3200,32,1600,32,1600
191,2025,A3333,Gallarta - SANTURTZI,Gabonak (24-31),Laborable,2,111,222,56,112,55,110
192,2025,A3333,Gallarta - SANTURTZI,Gabonak (25 -1),Festivo,2,36,72,19,38,17,34
193,2025,A3334,SANTURTZI - BALMASEDA,Negua,Festivo,51,10,510,5,255,5,255
194,2025,A3334,SANTURTZI - BALMASEDA,Negua,Laborable,207,16,3312,8,1656,8,1656
195,2025,A3334,SANTURTZI - BALMASEDA,Negua,Sabado,41,14,574,7,287,7,287
196,2025,A3334,SANTURTZI - BALMASEDA,Negua Instituturik gabe,Festivo,12,10,120,5,60,5,60
197,2025,A3334,SANTURTZI - BALMASEDA,Negua Instituturik gabe,Laborable,41,16,656,8,328,8,328
198,2025,A3334,SANTURTZI - BALMASEDA,Negua Instituturik gabe,Sabado,9,14,126,7,63,7,63
199,2025,A3334,SANTURTZI - BALMASEDA,Gabonak (24-31),Laborable,2,14,28,7,14,7,14
200,2025,A3334,SANTURTZI - BALMASEDA,Gabonak (25 -1),Festivo,2,6,12,3,6,3,6
201,2025,A3335,MUSKIZ - ZIERBENA - SESTAO,Negua,Festivo,46,32,1472,16,736,16,736
202,2025,A3335,MUSKIZ - ZIERBENA - SESTAO,Negua,Laborable,186,34,6324,17,3162,17,3162
203,2025,A3335,MUSKIZ - ZIERBENA - SESTAO,Negua,Sabado,37,32,1184,16,592,16,592
204,2025,A3335,MUSKIZ - ZIERBENA - SESTAO,Uda,Festivo,12,54,648,27,324,27,324
205,2025,A3335,MUSKIZ - ZIERBENA - SESTAO,Uda,Laborable,41,56,2296,28,1148,28,1148
206,2025,A3335,MUSKIZ - ZIERBENA - SESTAO,Uda,Sabado,9,54,486,27,243,27,243
207,2025,A3335,MUSKIZ - ZIERBENA - SESTAO,Uda (Aurre - Gero),Festivo,5,54,270,27,135,27,135
208,2025,A3335,MUSKIZ - ZIERBENA - SESTAO,Uda (Aurre - Gero),Laborable,21,34,714,17,357,17,357
209,2025,A3335,MUSKIZ - ZIERBENA - SESTAO,Uda (Aurre - Gero),Sabado,4,54,216,27,108,27,108
210,2025,A3335,MUSKIZ - ZIERBENA - SESTAO,Gabonak (24-31),Laborable,2,28,56,14,28,14,28
211,2025,A3335,MUSKIZ - ZIERBENA - SESTAO,Gabonak (25 -1),Festivo,2,20,40,10,20,10,20
212,2025,A3336,BILBAO - MUSKIZ,Negua,Festivo,46,44,2024,22,1012,22,1012
213,2025,A3336,BILBAO - MUSKIZ,Negua,Laborable,186,65,12090,33,6138,32,5952
214,2025,A3336,BILBAO - MUSKIZ,Negua,Sabado,37,64,2368,32,1184,32,1184
215,2025,A3336,BILBAO - MUSKIZ,Uda,Festivo,12,58,696,29,348,29,348
216,2025,A3336,BILBAO - MUSKIZ,Uda,Laborable,41,65,2665,32,1312,33,1353
217,2025,A3336,BILBAO - MUSKIZ,Uda,Sabado,9,65,585,32,288,33,297
218,2025,A3336,BILBAO - MUSKIZ,Uda (Aurre - Gero),Festivo,2,58,116,29,58,29,58
219,2025,A3336,BILBAO - MUSKIZ,Uda (Aurre - Gero),Laborable,5,65,325,33,165,32,160
220,2025,A3336,BILBAO - MUSKIZ,Uda (Aurre - Gero),Sabado,1,65,65,32,32,33,33
221,2025,A3336,BILBAO - MUSKIZ,Gabonak (24-31),Laborable,2,57,114,28,56,29,58
222,2025,A3336,BILBAO - MUSKIZ,Gabonak (25 -1),Festivo,2,29,58,15,30,14,28
223,2025,A3336,BILBAO - MUSKIZ,Uda (Institutua),Festivo,3,58,174,29,87,29,87
224,2025,A3336,BILBAO - MUSKIZ,Uda (Institutua),Laborable,16,66,1056,33,528,33,528
225,2025,A3336,BILBAO - MUSKIZ,Uda (Institutua),Sabado,3,65,195,32,96,33,99
226,2025,A3338,MUSKIZ - BARAKALDO - Areeta/Las Arenas,Bakarra,Festivo,63,31,1953,15,945,16,1008
227,2025,A3338,MUSKIZ - BARAKALDO - Areeta/Las Arenas,Bakarra,Laborable,248,61,15128,30,7440,31,7688
228,2025,A3338,MUSKIZ - BARAKALDO - Areeta/Las Arenas,Bakarra,Sabado,50,61,3050,30,1500,31,1550
229,2025,A3338,MUSKIZ - BARAKALDO - Areeta/Las Arenas,Gabonak (24-31),Laborable,2,54,108,27,54,27,54
230,2025,A3338,MUSKIZ - BARAKALDO - Areeta/Las Arenas,Gabonak (25 -1),Festivo,2,18,36,8,16,10,20
231,2025,A3339,Gurutzeta/Cruces-BARAKALDO-La Arena,Uda,Festivo,12,43,516,21,252,22,264
232,2025,A3339,Gurutzeta/Cruces-BARAKALDO-La Arena,Uda,Laborable,41,43,1763,21,861,22,902
233,2025,A3339,Gurutzeta/Cruces-BARAKALDO-La Arena,Uda,Sabado,9,43,387,21,189,22,198
234,2025,A3339,Gurutzeta/Cruces-BARAKALDO-La Arena,Uda (Aurre - Gero),Festivo,6,43,258,21,126,22,132
235,2025,A3339,Gurutzeta/Cruces-BARAKALDO-La Arena,Uda (Aurre - Gero),Sabado,5,43,215,21,105,22,110
236,2025,A3339,Gurutzeta/Cruces-BARAKALDO-La Arena,Uda Ekaina,Festivo,3,43,129,21,63,22,66
237,2025,A3339,Gurutzeta/Cruces-BARAKALDO-La Arena,Uda Ekaina,Laborable,11,20,220,10,110,10,110
238,2025,A3339,Gurutzeta/Cruces-BARAKALDO-La Arena,Uda Ekaina,Sabado,3,43,129,21,63,22,66
239,2025,A3340,BILBAO - ABANTO Y CIERVANA ABANTO ZIERBENA - MUSKIZ (Autopista),Negua,Laborable,248,31,7688,16,3968,15,3720
240,2025,A3340,BILBAO - ABANTO Y CIERVANA ABANTO ZIERBENA - MUSKIZ (Autopista),Negua,Sabado,50,31,1550,16,800,15,750
241,2025,A3340,BILBAO - ABANTO Y CIERVANA ABANTO ZIERBENA - MUSKIZ (Autopista),Gabonak (24-31),Laborable,2,28,56,14,28,14,28
242,2025,A3341,BILBAO - Sodupe - Arespalditza Respaldiza,Bakarra,Festivo,63,10,630,5,315,5,315
243,2025,A3341,BILBAO - Sodupe - Arespalditza Respaldiza,Bakarra,Laborable,248,14,3472,7,1736,7,1736
244,2025,A3341,BILBAO - Sodupe - Arespalditza Respaldiza,Bakarra,Sabado,50,10,500,5,250,5,250
245,2025,A3341,BILBAO - Sodupe - Arespalditza Respaldiza,Gabonak (24-31),Laborable,2,12,24,6,12,6,12
246,2025,A3341,BILBAO - Sodupe - Arespalditza Respaldiza,Gabonak (25 -1),Festivo,2,6,12,3,6,3,6
247,2025,A3342,BILBAO - Sodupe - ARTZINIEGA,Bakarra,Festivo,63,16,1008,8,504,8,504
248,2025,A3342,BILBAO - Sodupe - ARTZINIEGA,Bakarra,Laborable,248,34,8432,17,4216,17,4216
249,2025,A3342,BILBAO - Sodupe - ARTZINIEGA,Bakarra,Sabado,50,32,1600,16,800,16,800
250,2025,A3342,BILBAO - Sodupe - ARTZINIEGA,Gabonak (24-31),Laborable,2,28,56,13,26,15,30
251,2025,A3342,BILBAO - Sodupe - ARTZINIEGA,Gabonak (25 -1),Festivo,2,10,20,5,10,5,10
252,2025,A3343,BILBAO - Sodupe - GORDEXOLA,Bakarra,Laborable,248,17,4216,9,2232,8,1984
253,2025,A3343,BILBAO - Sodupe - GORDEXOLA,Gabonak (24-31),Laborable,2,15,30,8,16,7,14
254,2025,A3411,BILBAO - GETXO - Azkorri,Negua,Festivo,47,61,2867,31,1457,30,1410
255,2025,A3411,BILBAO - GETXO - Azkorri,Negua,Laborable,191,68,12988,36,6876,32,6112
256,2025,A3411,BILBAO - GETXO - Azkorri,Negua,Sabado,37,61,2257,31,1147,30,1110
257,2025,A3411,BILBAO - GETXO - Azkorri,Uda,Festivo,16,60,960,31,496,29,464
258,2025,A3411,BILBAO - GETXO - Azkorri,Uda,Laborable,57,65,3705,33,1881,32,1824
259,2025,A3411,BILBAO - GETXO - Azkorri,Uda,Sabado,13,60,780,31,403,29,377
260,2025,A3411,BILBAO - GETXO - Azkorri,Gabonak (24-31),Laborable,2,60,120,31,62,29,58
261,2025,A3411,BILBAO - GETXO - Azkorri,Gabonak (25 -1),Festivo,2,38,76,20,40,18,36
262,2025,A3414,BILBAO - GETXO (Artxandako tuneletatik/por tÃºneles de Artxanda),Negua,Festivo,57,32,1824,16,912,16,912
263,2025,A3414,BILBAO - GETXO (Artxandako tuneletatik/por tÃºneles de Artxanda),Negua,Laborable,228,96,21888,48,10944,48,10944
264,2025,A3414,BILBAO - GETXO (Artxandako tuneletatik/por tÃºneles de Artxanda),Negua,Sabado,45,60,2700,30,1350,30,1350
265,2025,A3414,BILBAO - GETXO (Artxandako tuneletatik/por tÃºneles de Artxanda),Uda,Festivo,6,32,192,16,96,16,96
266,2025,A3414,BILBAO - GETXO (Artxandako tuneletatik/por tÃºneles de Artxanda),Uda,Laborable,20,65,1300,33,660,32,640
267,2025,A3414,BILBAO - GETXO (Artxandako tuneletatik/por tÃºneles de Artxanda),Uda,Sabado,5,60,300,30,150,30,150
268,2025,A3414,BILBAO - GETXO (Artxandako tuneletatik/por tÃºneles de Artxanda),Gabonak (24-31),Laborable,2,84,168,41,82,43,86
269,2025,A3414,BILBAO - GETXO (Artxandako tuneletatik/por tÃºneles de Artxanda),Gabonak (25 -1),Festivo,2,21,42,11,22,10,20
270,2025,A3422,Areeta/Las Arenas - BERANGO,Bakarra,Festivo,63,28,1764,14,882,14,882
271,2025,A3422,Areeta/Las Arenas - BERANGO,Bakarra,Laborable,248,30,7440,15,3720,15,3720
272,2025,A3422,Areeta/Las Arenas - BERANGO,Bakarra,Sabado,50,28,1400,14,700,14,700
273,2025,A3422,Areeta/Las Arenas - BERANGO,Gabonak (24-31),Laborable,2,28,56,14,28,14,28
274,2025,A3422,Areeta/Las Arenas - BERANGO,Gabonak (25 -1),Festivo,2,18,36,9,18,9,18
275,2025,A3451,Areeta/Las Arenas  - Armintza,Negua,Festivo,51,31,1581,16,816,15,765
276,2025,A3451,Areeta/Las Arenas  - Armintza,Negua,Laborable,207,33,6831,17,3519,16,3312
277,2025,A3451,Areeta/Las Arenas  - Armintza,Negua,Sabado,41,31,1271,16,656,15,615
278,2025,A3451,Areeta/Las Arenas  - Armintza,Negua Instituturik gabe,Festivo,12,31,372,16,192,15,180
279,2025,A3451,Areeta/Las Arenas  - Armintza,Negua Instituturik gabe,Laborable,41,33,1353,17,697,16,656
280,2025,A3451,Areeta/Las Arenas  - Armintza,Negua Instituturik gabe,Sabado,9,31,279,16,144,15,135
281,2025,A3451,Areeta/Las Arenas  - Armintza,Gabonak (24-31),Laborable,2,31,62,16,32,15,30
282,2025,A3451,Areeta/Las Arenas  - Armintza,Gabonak (25 -1),Festivo,2,18,36,9,18,9,18
283,2025,A3471,GETXO - Gurutzeta / Cruces (Faduratik / Por Fadura),Bakarra,Festivo,63,32,2016,16,1008,16,1008
284,2025,A3471,GETXO - Gurutzeta / Cruces (Faduratik / Por Fadura),Bakarra,Laborable,248,32,7936,16,3968,16,3968
285,2025,A3471,GETXO - Gurutzeta / Cruces (Faduratik / Por Fadura),Bakarra,Sabado,50,32,1600,16,800,16,800
286,2025,A3471,GETXO - Gurutzeta / Cruces (Faduratik / Por Fadura),Gabonak (24-31),Laborable,2,28,56,14,28,14,28
287,2025,A3471,GETXO - Gurutzeta / Cruces (Faduratik / Por Fadura),Gabonak (25 -1),Festivo,2,20,40,10,20,10,20
288,2025,A3472,GETXO - Gurutzeta / Cruces (Areetatik/desde Las Arenas),Bakarra,Festivo,63,30,1890,15,945,15,945
289,2025,A3472,GETXO - Gurutzeta / Cruces (Areetatik/desde Las Arenas),Bakarra,Laborable,248,30,7440,15,3720,15,3720
290,2025,A3472,GETXO - Gurutzeta / Cruces (Areetatik/desde Las Arenas),Bakarra,Sabado,50,30,1500,15,750,15,750
291,2025,A3472,GETXO - Gurutzeta / Cruces (Areetatik/desde Las Arenas),Gabonak (24-31),Laborable,2,27,54,14,28,13,26
292,2025,A3472,GETXO - Gurutzeta / Cruces (Areetatik/desde Las Arenas),Gabonak (25 -1),Festivo,2,18,36,9,18,9,18
293,2025,A3499,PLENTZIA - GORLIZ,Negua,Festivo,51,94,4794,47,2397,47,2397
294,2025,A3499,PLENTZIA - GORLIZ,Negua,Laborable,207,96,19872,48,9936,48,9936
295,2025,A3499,PLENTZIA - GORLIZ,Negua,Sabado,41,94,3854,47,1927,47,1927
296,2025,A3499,PLENTZIA - GORLIZ,Uda,Festivo,6,94,564,47,282,47,282
297,2025,A3499,PLENTZIA - GORLIZ,Uda,Laborable,20,96,1920,48,960,48,960
299,2025,A3499,PLENTZIA - GORLIZ,Gabonak (24-31),Laborable,2,89,178,44,88,45,90
300,2025,A3499,PLENTZIA - GORLIZ,Gabonak (25 -1),Festivo,2,55,110,28,56,27,54
301,2025,A3499,PLENTZIA - GORLIZ,Uda Uztaila,Festivo,6,94,564,47,282,47,282
302,2025,A3499,PLENTZIA - GORLIZ,Uda Uztaila,Laborable,21,96,2016,48,1008,48,1008
303,2025,A3499,PLENTZIA - GORLIZ,Uda Uztaila,Sabado,4,94,376,47,188,47,188
304,2025,A3512,BILBAO - LEKEITIO (Autopista),Bakarra,Festivo,63,29,1827,15,945,14,882
305,2025,A3512,BILBAO - LEKEITIO (Autopista),Bakarra,Laborable,248,34,8432,17,4216,17,4216
306,2025,A3512,BILBAO - LEKEITIO (Autopista),Bakarra,Sabado,50,32,1600,16,800,16,800
307,2025,A3512,BILBAO - LEKEITIO (Autopista),Gabonak (24-31),Laborable,2,31,62,16,32,15,30
308,2025,A3512,BILBAO - LEKEITIO (Autopista),Gabonak (25 -1),Festivo,2,18,36,8,16,10,20
309,2025,A3513,BILBAO - Hospital Galdakao Ospitalea - GERNIKA LUMO - EA - LEKEITIO,Bakarra,Festivo,63,14,882,7,441,7,441
310,2025,A3513,BILBAO - Hospital Galdakao Ospitalea - GERNIKA LUMO - EA - LEKEITIO,Bakarra,Laborable,248,18,4464,10,2480,8,1984
311,2025,A3513,BILBAO - Hospital Galdakao Ospitalea - GERNIKA LUMO - EA - LEKEITIO,Bakarra,Sabado,50,17,850,9,450,8,400
312,2025,A3513,BILBAO - Hospital Galdakao Ospitalea - GERNIKA LUMO - EA - LEKEITIO,Gabonak (24-31),Laborable,2,16,32,9,18,7,14
313,2025,A3513,BILBAO - Hospital Galdakao Ospitalea - GERNIKA LUMO - EA - LEKEITIO,Gabonak (25 -1),Festivo,2,10,20,5,10,5,10
314,2025,A3514,BILBAO - AMOREBIETA ETXANO - GERNIKA LUMO,Bakarra,Festivo,63,29,1827,15,945,14,882
315,2025,A3514,BILBAO - AMOREBIETA ETXANO - GERNIKA LUMO,Bakarra,Laborable,248,64,15872,32,7936,32,7936
316,2025,A3514,BILBAO - AMOREBIETA ETXANO - GERNIKA LUMO,Bakarra,Sabado,50,32,1600,16,800,16,800
317,2025,A3514,BILBAO - AMOREBIETA ETXANO - GERNIKA LUMO,Gabonak (24-31),Laborable,2,56,112,28,56,28,56
318,2025,A3515,BILBAO - AMOREBIETA ETXANO - GERNIKA LUMO - BERMEO,Negua,Festivo,48,31,1488,16,768,15,720
319,2025,A3515,BILBAO - AMOREBIETA ETXANO - GERNIKA LUMO - BERMEO,Negua,Laborable,196,64,12544,32,6272,32,6272
320,2025,A3515,BILBAO - AMOREBIETA ETXANO - GERNIKA LUMO - BERMEO,Negua,Sabado,38,33,1254,17,646,16,608
321,2025,A3515,BILBAO - AMOREBIETA ETXANO - GERNIKA LUMO - BERMEO,Uda,Festivo,15,31,465,16,240,15,225
322,2025,A3515,BILBAO - AMOREBIETA ETXANO - GERNIKA LUMO - BERMEO,Uda,Laborable,52,64,3328,32,1664,32,1664
323,2025,A3515,BILBAO - AMOREBIETA ETXANO - GERNIKA LUMO - BERMEO,Uda,Sabado,12,33,396,17,204,16,192
324,2025,A3515,BILBAO - AMOREBIETA ETXANO - GERNIKA LUMO - BERMEO,Gabonak (24-31),Laborable,2,56,112,28,56,28,56
325,2025,A3515,BILBAO - AMOREBIETA ETXANO - GERNIKA LUMO - BERMEO,Gabonak (25 -1),Festivo,2,21,42,11,22,10,20
326,2025,A3516,BILBAO - MUNGIA (Autopista),Negua,Lunes a Jueves,152,31,4712,16,2432,15,2280
327,2025,A3516,BILBAO - MUNGIA (Autopista),Negua,Sabado,37,34,1258,17,629,17,629
328,2025,A3516,BILBAO - MUNGIA (Autopista),Negua,Viernes,39,38,1482,20,780,18,702
329,2025,A3516,BILBAO - MUNGIA (Autopista),Uda,Sabado,13,7,91,4,52,3,39
330,2025,A3516,BILBAO - MUNGIA (Autopista),Uda,Viernes,10,7,70,4,40,3,30
331,2025,A3516,BILBAO - MUNGIA (Autopista),Gabonak (24-31),Lunes a Jueves,2,28,56,14,28,14,28
332,2025,A3516,BILBAO - MUNGIA (Autopista),V - S Jaiegunak,Festivo,5,7,35,4,20,3,15
333,2025,A3516,BILBAO - MUNGIA (Autopista),V - S Jaiegunak,Sabado,0,7,0,4,0,3,0
334,2025,A3517,BILBAO - DERIO - MUNGIA,Negua,Festivo,42,31,1302,16,672,15,630
335,2025,A3517,BILBAO - DERIO - MUNGIA,Negua,Laborable,164,68,11152,34,5576,34,5576
336,2025,A3517,BILBAO - DERIO - MUNGIA,Negua,Sabado,33,67,2211,33,1089,34,1122
337,2025,A3517,BILBAO - DERIO - MUNGIA,Uda,Festivo,12,87,1044,45,540,42,504
338,2025,A3517,BILBAO - DERIO - MUNGIA,Uda,Laborable,41,95,3895,48,1968,47,1927
339,2025,A3517,BILBAO - DERIO - MUNGIA,Uda,Sabado,9,94,846,47,423,47,423
340,2025,A3517,BILBAO - DERIO - MUNGIA,Uda (Aurre - Gero),Festivo,5,87,435,45,225,42,210
341,2025,A3517,BILBAO - DERIO - MUNGIA,Uda (Aurre - Gero),Laborable,27,68,1836,34,918,34,918
342,2025,A3517,BILBAO - DERIO - MUNGIA,Uda (Aurre - Gero),Sabado,4,94,376,47,188,47,188
343,2025,A3517,BILBAO - DERIO - MUNGIA,Gabonak (24-31),Laborable,2,58,116,29,58,29,58
344,2025,A3517,BILBAO - DERIO - MUNGIA,Gabonak (25 -1),Festivo,2,20,40,10,20,10,20
345,2025,A3517,BILBAO - DERIO - MUNGIA,Uda Ekaina,Festivo,4,87,348,45,180,42,168
346,2025,A3517,BILBAO - DERIO - MUNGIA,Uda Ekaina,Laborable,16,69,1104,35,560,34,544
347,2025,A3517,BILBAO - DERIO - MUNGIA,Uda Ekaina,Sabado,4,94,376,47,188,47,188
348,2025,A3518,BILBAO -MUNGIA - BAKIO (Autopista),Negua,Festivo,47,15,705,8,376,7,329
349,2025,A3518,BILBAO -MUNGIA - BAKIO (Autopista),Negua,Laborable,191,34,6494,16,3056,18,3438
350,2025,A3518,BILBAO -MUNGIA - BAKIO (Autopista),Negua,Sabado,37,33,1221,17,629,16,592
351,2025,A3518,BILBAO -MUNGIA - BAKIO (Autopista),Uda,Festivo,16,56,896,29,464,27,432
352,2025,A3518,BILBAO -MUNGIA - BAKIO (Autopista),Uda,Laborable,57,65,3705,32,1824,33,1881
353,2025,A3518,BILBAO -MUNGIA - BAKIO (Autopista),Uda,Sabado,13,62,806,30,390,32,416
354,2025,A3518,BILBAO -MUNGIA - BAKIO (Autopista),Gabonak (24-31),Laborable,2,30,60,14,28,16,32
355,2025,A3518,BILBAO -MUNGIA - BAKIO (Autopista),Gabonak (25 -1),Festivo,2,9,18,5,10,4,8
356,2025,A3522,MUNGIA - DERIO - Gurutzeta/Cruces,Bakarra,Festivo,63,15,945,8,504,7,441
357,2025,A3522,MUNGIA - DERIO - Gurutzeta/Cruces,Bakarra,Laborable,248,26,6448,13,3224,13,3224
358,2025,A3522,MUNGIA - DERIO - Gurutzeta/Cruces,Bakarra,Sabado,50,15,750,8,400,7,350
359,2025,A3522,MUNGIA - DERIO - Gurutzeta/Cruces,Gabonak (24-31),Laborable,2,24,48,12,24,12,24
360,2025,A3522,MUNGIA - DERIO - Gurutzeta/Cruces,Gabonak (25 -1),Festivo,2,9,18,5,10,4,8
361,2025,A3523,BILBAO - Hospital Galdakao Ospitalea - GERNIKA LUMO - AULESTI - LEKEITIO,Bakarra,Festivo,63,14,882,7,441,7,441
362,2025,A3523,BILBAO - Hospital Galdakao Ospitalea - GERNIKA LUMO - AULESTI - LEKEITIO,Bakarra,Laborable,248,16,3968,8,1984,8,1984
363,2025,A3523,BILBAO - Hospital Galdakao Ospitalea - GERNIKA LUMO - AULESTI - LEKEITIO,Bakarra,Sabado,50,16,800,8,400,8,400
364,2025,A3523,BILBAO - Hospital Galdakao Ospitalea - GERNIKA LUMO - AULESTI - LEKEITIO,Gabonak (24-31),Laborable,2,15,30,7,14,8,16
365,2025,A3523,BILBAO - Hospital Galdakao Ospitalea - GERNIKA LUMO - AULESTI - LEKEITIO,Gabonak (25 -1),Festivo,2,8,16,4,8,4,8
366,2025,A3524,BERMEO - BAKIO,Negua,Laborable,193,14,2702,7,1351,7,1351
367,2025,A3525,GERNIKA LUMO - AMOREBIETA ETXANO  - UPV/EHU,EHU Eskola-egunak,Laborable,173,15,2595,7,1211,8,1384
368,2025,A3525,GERNIKA LUMO - AMOREBIETA ETXANO  - UPV/EHU,EHU Ez Eskolakoa,Laborable,16,2,32,1,16,1,16
369,2025,A3526,MUNGIA - GERNIKA LUMO - IBARRANGELU,Negua,Laborable,160,14,2240,7,1120,7,1120
370,2025,A3526,MUNGIA - GERNIKA LUMO - IBARRANGELU,Negua,Sabado,31,14,434,7,217,7,217
371,2025,A3526,MUNGIA - GERNIKA LUMO - IBARRANGELU,Uda,Festivo,14,46,644,23,322,23,322
372,2025,A3526,MUNGIA - GERNIKA LUMO - IBARRANGELU,Uda,Laborable,47,52,2444,26,1222,26,1222
373,2025,A3526,MUNGIA - GERNIKA LUMO - IBARRANGELU,Uda,Sabado,11,52,572,26,286,26,286
374,2025,A3526,MUNGIA - GERNIKA LUMO - IBARRANGELU,Uda (Aurre - Gero),Festivo,7,46,322,23,161,23,161
375,2025,A3526,MUNGIA - GERNIKA LUMO - IBARRANGELU,Uda (Aurre - Gero),Laborable,37,14,518,7,259,7,259
376,2025,A3526,MUNGIA - GERNIKA LUMO - IBARRANGELU,Uda (Aurre - Gero),Sabado,6,52,312,26,156,26,156
377,2025,A3526,MUNGIA - GERNIKA LUMO - IBARRANGELU,Gabonak (24-31),Laborable,2,11,22,6,12,5,10
378,2025,A3526,MUNGIA - GERNIKA LUMO - IBARRANGELU,Aste Santua,Festivo,5,12,60,6,30,6,30
379,2025,A3526,MUNGIA - GERNIKA LUMO - IBARRANGELU,Aste Santua,Laborable,4,14,56,7,28,7,28
380,2025,A3526,MUNGIA - GERNIKA LUMO - IBARRANGELU,Aste Santua,Sabado,2,14,28,7,14,7,14
381,2025,A3527,BILBAO - MUNGIA - BERMEO (Autopista),Negua,Festivo,47,15,705,7,329,8,376
382,2025,A3527,BILBAO - MUNGIA - BERMEO (Autopista),Negua,Laborable,191,64,12224,31,5921,33,6303
383,2025,A3527,BILBAO - MUNGIA - BERMEO (Autopista),Negua,Sabado,37,31,1147,16,592,15,555
384,2025,A3527,BILBAO - MUNGIA - BERMEO (Autopista),Uda,Laborable,20,61,1220,31,620,30,600
385,2025,A3527,BILBAO - MUNGIA - BERMEO (Autopista),Uda,Sabado,5,31,155,16,80,15,75
386,2025,A3527,BILBAO - MUNGIA - BERMEO (Autopista),Uda (Aurre - Gero),Festivo,4,15,60,7,28,8,32
387,2025,A3527,BILBAO - MUNGIA - BERMEO (Autopista),Uda (Aurre - Gero),Laborable,16,64,1024,31,496,33,528
388,2025,A3527,BILBAO - MUNGIA - BERMEO (Autopista),Uda (Aurre - Gero),Sabado,4,31,124,16,64,15,60
389,2025,A3527,BILBAO - MUNGIA - BERMEO (Autopista),Gabonak (24-31),Laborable,2,57,114,26,52,31,62
390,2025,A3527,BILBAO - MUNGIA - BERMEO (Autopista),Gabonak (25 -1),Festivo,2,10,20,5,10,5,10
391,2025,A3527,BILBAO - MUNGIA - BERMEO (Autopista),Uda Uztaila,Laborable,21,64,1344,31,651,33,693
392,2025,A3527,BILBAO - MUNGIA - BERMEO (Autopista),Uda Uztaila,Sabado,4,31,124,16,64,15,60
393,2025,A3528,BERMEO - MUNGIA - DERIO - UPV/EHU,EHU Eskola-egunak,Laborable,173,14,2422,6,1038,8,1384
394,2025,A3528,BERMEO - MUNGIA - DERIO - UPV/EHU,EHU Ez Eskolakoa,Laborable,16,2,32,1,16,1,16
395,2025,A3529,MUNGIA - GAMIZ FIKA,Bakarra,Laborable,250,8,2000,4,1000,4,1000
396,2025,A3529,MUNGIA - GAMIZ FIKA,Bakarra,Sabado,50,8,400,4,200,4,200
397,2025,A3530,MUNGIA - MEÃAKA - ARRIETA,Bakarra,Laborable,250,8,2000,4,1000,4,1000
398,2025,A3530,MUNGIA - MEÃAKA - ARRIETA,Bakarra,Sabado,50,8,400,4,200,4,200
399,2025,A3531,LEIOA - Hospital Urduliz Ospitalea - GATIKA - MUNGIA,Negua,Festivo,47,14,658,7,329,7,329
400,2025,A3531,LEIOA - Hospital Urduliz Ospitalea - GATIKA - MUNGIA,Negua,Laborable,191,30,5730,15,2865,15,2865
401,2025,A3531,LEIOA - Hospital Urduliz Ospitalea - GATIKA - MUNGIA,Negua,Sabado,37,23,851,12,444,11,407
402,2025,A3531,LEIOA - Hospital Urduliz Ospitalea - GATIKA - MUNGIA,Uda,Festivo,16,26,416,13,208,13,208
403,2025,A3531,LEIOA - Hospital Urduliz Ospitalea - GATIKA - MUNGIA,Uda,Laborable,57,30,1710,15,855,15,855
404,2025,A3531,LEIOA - Hospital Urduliz Ospitalea - GATIKA - MUNGIA,Uda,Sabado,13,30,390,15,195,15,195
405,2025,A3531,LEIOA - Hospital Urduliz Ospitalea - GATIKA - MUNGIA,Gabonak (24-31),Laborable,2,28,56,14,28,14,28
406,2025,A3531,LEIOA - Hospital Urduliz Ospitalea - GATIKA - MUNGIA,Gabonak (25 -1),Festivo,2,9,18,4,8,5,10
407,2025,A3532,GERNIKA LUMO - NABARNIZ,Bakarra,Laborable,250,7,1750,3,750,4,1000
408,2025,A3533,GERNIKA LUMO - MENDATA,Bakarra,Laborable,250,6,1500,2,500,4,1000
409,2025,A3534,GERNIKA LUMO - ERRIGOITI,Bakarra,Laborable,250,6,1500,2,500,4,1000
410,2025,A3535,LEKEITIO - AMOROTO,Bakarra,Laborable,250,8,2000,4,1000,4,1000
411,2025,A3536,LEKEITIO - MENDEXA,Negua,Laborable,209,8,1672,4,836,4,836
412,2025,A3536,LEKEITIO - MENDEXA,Uda,Festivo,12,7,84,3,36,4,48
413,2025,A3536,LEKEITIO - MENDEXA,Uda,Laborable,41,8,328,4,164,4,164
414,2025,A3536,LEKEITIO - MENDEXA,Uda,Sabado,9,7,63,3,27,4,36
415,2025,A3537,PLENTZIA - GORLIZ - MUNGIA,Negua,Festivo,47,14,658,7,329,7,329
416,2025,A3537,PLENTZIA - GORLIZ - MUNGIA,Negua,Laborable,191,29,5539,15,2865,14,2674
417,2025,A3537,PLENTZIA - GORLIZ - MUNGIA,Negua,Sabado,37,22,814,11,407,11,407
418,2025,A3537,PLENTZIA - GORLIZ - MUNGIA,Uda,Festivo,16,26,416,13,208,13,208
419,2025,A3537,PLENTZIA - GORLIZ - MUNGIA,Uda,Laborable,57,29,1653,15,855,14,798
420,2025,A3537,PLENTZIA - GORLIZ - MUNGIA,Uda,Sabado,13,29,377,15,195,14,182
421,2025,A3537,PLENTZIA - GORLIZ - MUNGIA,Gabonak (24-31),Laborable,2,26,52,13,26,13,26
422,2025,A3537,PLENTZIA - GORLIZ - MUNGIA,Gabonak (25 -1),Festivo,2,9,18,5,10,4,8
423,2025,A3538,LEKEITIO-Barainka,Bakarra,Laborable,250,4,1000,2,500,2,500
424,2025,A3613,BILBAO - UGAO MIRABALLES - OROZKO,Bakarra,Festivo,63,30,1890,15,945,15,945
425,2025,A3613,BILBAO - UGAO MIRABALLES - OROZKO,Bakarra,Laborable,248,64,15872,33,8184,31,7688
426,2025,A3613,BILBAO - UGAO MIRABALLES - OROZKO,Bakarra,Sabado,50,61,3050,32,1600,29,1450
427,2025,A3613,BILBAO - UGAO MIRABALLES - OROZKO,Gabonak (24-31),Laborable,2,57,114,29,58,28,56
428,2025,A3613,BILBAO - UGAO MIRABALLES - OROZKO,Gabonak (25 -1),Festivo,2,10,20,5,10,5,10
429,2025,A3622,BILBAO - BASAURI - Artunduaga - San Miguel -ZARATAMO,Bakarra,Laborable,248,39,9672,20,4960,19,4712
430,2025,A3622,BILBAO - BASAURI - Artunduaga - San Miguel -ZARATAMO,Bakarra,Sabado,50,36,1800,18,900,18,900
431,2025,A3622,BILBAO - BASAURI - Artunduaga - San Miguel -ZARATAMO,Gabonak (24-31),Laborable,2,34,68,18,36,16,32
432,2025,A3631,BILBAO - GALDAKAO - LARRABETZU,Negua,Festivo,51,66,3366,33,1683,33,1683
433,2025,A3631,BILBAO - GALDAKAO - LARRABETZU,Negua,Laborable,207,99,20493,49,10143,50,10350
434,2025,A3631,BILBAO - GALDAKAO - LARRABETZU,Negua,Sabado,41,68,2788,34,1394,34,1394
435,2025,A3631,BILBAO - GALDAKAO - LARRABETZU,Uda,Festivo,12,66,792,33,396,33,396
436,2025,A3631,BILBAO - GALDAKAO - LARRABETZU,Uda,Laborable,41,65,2665,33,1353,32,1312
437,2025,A3631,BILBAO - GALDAKAO - LARRABETZU,Uda,Sabado,9,68,612,34,306,34,306
438,2025,A3631,BILBAO - GALDAKAO - LARRABETZU,Gabonak (24-31),Laborable,2,86,172,43,86,43,86
439,2025,A3631,BILBAO - GALDAKAO - LARRABETZU,Gabonak (25 -1),Festivo,2,41,82,20,40,21,42
440,2025,A3632,BILBAO - ETXEBARRI - BASAURI - San Miguel (BegoÃ±a),Negua,Festivo,57,32,1824,16,912,16,912
441,2025,A3632,BILBAO - ETXEBARRI - BASAURI - San Miguel (BegoÃ±a),Negua,Laborable,228,33,7524,17,3876,16,3648
442,2025,A3632,BILBAO - ETXEBARRI - BASAURI - San Miguel (BegoÃ±a),Negua,Sabado,45,32,1440,16,720,16,720
443,2025,A3632,BILBAO - ETXEBARRI - BASAURI - San Miguel (BegoÃ±a),Uda,Festivo,6,32,192,16,96,16,96
444,2025,A3632,BILBAO - ETXEBARRI - BASAURI - San Miguel (BegoÃ±a),Uda,Laborable,20,32,640,16,320,16,320
445,2025,A3632,BILBAO - ETXEBARRI - BASAURI - San Miguel (BegoÃ±a),Uda,Sabado,5,32,160,16,80,16,80
446,2025,A3632,BILBAO - ETXEBARRI - BASAURI - San Miguel (BegoÃ±a),Gabonak (24-31),Laborable,2,27,54,14,28,13,26
447,2025,A3632,BILBAO - ETXEBARRI - BASAURI - San Miguel (BegoÃ±a),Gabonak (25 -1),Festivo,2,20,40,10,20,10,20
448,2025,A3641,Nerbioi Garaia/Alto Nervion - ARRIGORRIAGA - Hospital Galdakao Ospitalea,Bakarra,Festivo,63,73,4599,37,2331,36,2268
449,2025,A3641,Nerbioi Garaia/Alto Nervion - ARRIGORRIAGA - Hospital Galdakao Ospitalea,Bakarra,Laborable,248,75,18600,36,8928,39,9672
450,2025,A3641,Nerbioi Garaia/Alto Nervion - ARRIGORRIAGA - Hospital Galdakao Ospitalea,Bakarra,Sabado,50,70,3500,36,1800,34,1700
451,2025,A3641,Nerbioi Garaia/Alto Nervion - ARRIGORRIAGA - Hospital Galdakao Ospitalea,Gabonak (24-31),Laborable,2,64,128,31,62,33,66
452,2025,A3641,Nerbioi Garaia/Alto Nervion - ARRIGORRIAGA - Hospital Galdakao Ospitalea,Gabonak (25 -1),Festivo,2,60,120,29,58,31,62
453,2025,A3642,BASAURI - Hospital Galdakao Ospitalea (Bengoetxe),Negua,Laborable,228,69,15732,35,7980,34,7752
454,2025,A3642,BASAURI - Hospital Galdakao Ospitalea (Bengoetxe),Negua,Sabado,45,69,3105,35,1575,34,1530
455,2025,A3642,BASAURI - Hospital Galdakao Ospitalea (Bengoetxe),Uda,Laborable,20,35,700,18,360,17,340
456,2025,A3642,BASAURI - Hospital Galdakao Ospitalea (Bengoetxe),Uda,Sabado,5,35,175,18,90,17,85
457,2025,A3642,BASAURI - Hospital Galdakao Ospitalea (Bengoetxe),Gabonak (24-31),Laborable,2,59,118,30,60,29,58
458,2025,A3911,BILBAO - Hospital Galdakao Ospitalea - LEMOA - DURANGO - ELORRIO,Bakarra,Festivo,63,31,1953,16,1008,15,945
459,2025,A3911,BILBAO - Hospital Galdakao Ospitalea - LEMOA - DURANGO - ELORRIO,Bakarra,Laborable,248,36,8928,19,4712,17,4216
460,2025,A3911,BILBAO - Hospital Galdakao Ospitalea - LEMOA - DURANGO - ELORRIO,Bakarra,Sabado,50,32,1600,16,800,16,800
461,2025,A3911,BILBAO - Hospital Galdakao Ospitalea - LEMOA - DURANGO - ELORRIO,Gabonak (24-31),Laborable,2,30,60,16,32,14,28
462,2025,A3912,BILBAO - Hospital Galdakao Ospitalea - LEMOA - DURANGO - ERMUA - EIBAR,Bakarra,Festivo,63,32,2016,16,1008,16,1008
463,2025,A3912,BILBAO - Hospital Galdakao Ospitalea - LEMOA - DURANGO - ERMUA - EIBAR,Bakarra,Laborable,248,33,8184,17,4216,16,3968
464,2025,A3912,BILBAO - Hospital Galdakao Ospitalea - LEMOA - DURANGO - ERMUA - EIBAR,Bakarra,Sabado,50,33,1650,17,850,16,800
465,2025,A3912,BILBAO - Hospital Galdakao Ospitalea - LEMOA - DURANGO - ERMUA - EIBAR,Gabonak (24-31),Laborable,2,27,54,13,26,14,28
466,2025,A3912,BILBAO - Hospital Galdakao Ospitalea - LEMOA - DURANGO - ERMUA - EIBAR,Gabonak (25 -1),Festivo,2,11,22,6,12,5,10
467,2025,A3913,Arrazola - DURANGO,Negua,Festivo,57,28,1596,14,798,14,798
468,2025,A3913,Arrazola - DURANGO,Negua,Laborable,228,30,6840,15,3420,15,3420
469,2025,A3913,Arrazola - DURANGO,Negua,Sabado,45,28,1260,14,630,14,630
470,2025,A3913,Arrazola - DURANGO,Uda,Festivo,6,26,156,13,78,13,78
471,2025,A3913,Arrazola - DURANGO,Uda,Laborable,20,26,520,13,260,13,260
472,2025,A3913,Arrazola - DURANGO,Uda,Sabado,5,26,130,13,65,13,65
473,2025,A3913,Arrazola - DURANGO,Gabonak (24-31),Laborable,2,27,54,13,26,14,28
474,2025,A3915,BILBAO - DURANGO - ONDARROA (Autopista),Negua,Festivo,57,28,1596,14,798,14,798
475,2025,A3915,BILBAO - DURANGO - ONDARROA (Autopista),Negua,Laborable,228,32,7296,15,3420,17,3876
476,2025,A3915,BILBAO - DURANGO - ONDARROA (Autopista),Negua,Sabado,45,30,1350,15,675,15,675
477,2025,A3915,BILBAO - DURANGO - ONDARROA (Autopista),Uda,Festivo,6,28,168,14,84,14,84
478,2025,A3915,BILBAO - DURANGO - ONDARROA (Autopista),Uda,Laborable,20,30,600,15,300,15,300
479,2025,A3915,BILBAO - DURANGO - ONDARROA (Autopista),Uda,Sabado,5,30,150,15,75,15,75
480,2025,A3915,BILBAO - DURANGO - ONDARROA (Autopista),Gabonak (24-31),Laborable,2,29,58,13,26,16,32
481,2025,A3915,BILBAO - DURANGO - ONDARROA (Autopista),Gabonak (25 -1),Festivo,2,9,18,5,10,4,8
482,2025,A3916,BILBAO - ERMUA - ONDARROA (Autopista),Bakarra,Festivo,63,31,1953,15,945,16,1008
483,2025,A3916,BILBAO - ERMUA - ONDARROA (Autopista),Bakarra,Laborable,248,34,8432,17,4216,17,4216
484,2025,A3916,BILBAO - ERMUA - ONDARROA (Autopista),Bakarra,Sabado,50,34,1700,16,800,18,900
485,2025,A3916,BILBAO - ERMUA - ONDARROA (Autopista),Gabonak (24-31),Laborable,2,29,58,14,28,15,30
486,2025,A3916,BILBAO - ERMUA - ONDARROA (Autopista),Gabonak (25 -1),Festivo,2,6,12,2,4,4,8
487,2025,A3917,BILBAO - Hospital Galdakao Ospitalea - LEMOA - ZEANURI,Negua,Festivo,57,31,1767,16,912,15,855
488,2025,A3917,BILBAO - Hospital Galdakao Ospitalea - LEMOA - ZEANURI,Negua,Laborable,228,37,8436,17,3876,20,4560
489,2025,A3917,BILBAO - Hospital Galdakao Ospitalea - LEMOA - ZEANURI,Negua,Sabado,45,35,1575,17,765,18,810
490,2025,A3917,BILBAO - Hospital Galdakao Ospitalea - LEMOA - ZEANURI,Uda,Festivo,6,31,186,16,96,15,90
491,2025,A3917,BILBAO - Hospital Galdakao Ospitalea - LEMOA - ZEANURI,Uda,Laborable,20,35,700,17,340,18,360
492,2025,A3917,BILBAO - Hospital Galdakao Ospitalea - LEMOA - ZEANURI,Uda,Sabado,5,35,175,17,85,18,90
493,2025,A3917,BILBAO - Hospital Galdakao Ospitalea - LEMOA - ZEANURI,Gabonak (24-31),Laborable,2,31,62,14,28,17,34
494,2025,A3917,BILBAO - Hospital Galdakao Ospitalea - LEMOA - ZEANURI,Gabonak (25 -1),Festivo,2,10,20,5,10,5,10
495,2025,A3922,MUNITIBAR ARBATZEGI GERRIKAITZ - ZIORTZA BOLIBAR - MARKINA XEMEIN - ETXEBARRIA,Bakarra,Laborable,250,14,3500,6,1500,8,2000
496,2025,A3923,BILBAO - DURANGO - ELORRIO (Autopista),Bakarra,Festivo,63,29,1827,15,945,14,882
497,2025,A3923,BILBAO - DURANGO - ELORRIO (Autopista),Bakarra,Laborable,248,33,8184,17,4216,16,3968
498,2025,A3923,BILBAO - DURANGO - ELORRIO (Autopista),Bakarra,Sabado,50,32,1600,16,800,16,800
499,2025,A3923,BILBAO - DURANGO - ELORRIO (Autopista),Gabonak (24-31),Laborable,2,29,58,14,28,15,30
500,2025,A3923,BILBAO - DURANGO - ELORRIO (Autopista),Gabonak (25 -1),Festivo,2,14,28,7,14,7,14
501,2025,A3924,ERMUA - DURANGO - UPV/EHU,EHU Eskola-egunak,Laborable,173,14,2422,6,1038,8,1384
502,2025,A3924,ERMUA - DURANGO - UPV/EHU,EHU Ez Eskolakoa,Laborable,16,2,32,1,16,1,16
503,2025,A3925,BILBAO - LEMOA - OTXANDIO - UBIDE,Bakarra,Festivo,63,28,1764,15,945,13,819
504,2025,A3925,BILBAO - LEMOA - OTXANDIO - UBIDE,Bakarra,Laborable,248,30,7440,15,3720,15,3720
505,2025,A3925,BILBAO - LEMOA - OTXANDIO - UBIDE,Bakarra,Sabado,50,30,1500,15,750,15,750
506,2025,A3925,BILBAO - LEMOA - OTXANDIO - UBIDE,Gabonak (24-31),Laborable,2,28,56,14,28,14,28
507,2025,A3925,BILBAO - LEMOA - OTXANDIO - UBIDE,Gabonak (25 -1),Festivo,2,10,20,5,10,5,10
508,2025,A3926,BILBAO - ERMUA - EIBAR (Autopista),Negua,Festivo,57,30,1710,15,855,15,855
509,2025,A3926,BILBAO - ERMUA - EIBAR (Autopista),Negua,Laborable,228,33,7524,16,3648,17,3876
510,2025,A3926,BILBAO - ERMUA - EIBAR (Autopista),Negua,Sabado,45,30,1350,15,675,15,675
511,2025,A3926,BILBAO - ERMUA - EIBAR (Autopista),Uda,Festivo,6,30,180,15,90,15,90
512,2025,A3926,BILBAO - ERMUA - EIBAR (Autopista),Uda,Laborable,20,31,620,16,320,15,300
513,2025,A3926,BILBAO - ERMUA - EIBAR (Autopista),Uda,Sabado,5,30,150,15,75,15,75
514,2025,A3926,BILBAO - ERMUA - EIBAR (Autopista),Gabonak (24-31),Laborable,2,30,60,14,28,16,32
515,2025,A3926,BILBAO - ERMUA - EIBAR (Autopista),Gabonak (25 -1),Festivo,2,10,20,5,10,5,10
516,2025,A3927,BILBAO - LEMOA - ZEANURI (Autopista),Negua,Laborable,228,30,6840,15,3420,15,3420
517,2025,A3927,BILBAO - LEMOA - ZEANURI (Autopista),Gabonak (24-31),Laborable,2,26,52,13,26,13,26
518,2025,A3928,ARTEA - ZEBERIO - UGAO MIRABALLES,Bakarra,Festivo,63,9,567,5,315,4,252
519,2025,A3928,ARTEA - ZEBERIO - UGAO MIRABALLES,Bakarra,Laborable,248,20,4960,10,2480,10,2480
520,2025,A3928,ARTEA - ZEBERIO - UGAO MIRABALLES,Bakarra,Sabado,50,20,1000,10,500,10,500
521,2025,A3928,ARTEA - ZEBERIO - UGAO MIRABALLES,Gabonak (24-31),Laborable,2,19,38,10,20,9,18
522,2025,A3930,BILBAO - GALDAKAO (Autopista),Negua,Laborable,228,57,12996,30,6840,27,6156
523,2025,A3930,BILBAO - GALDAKAO (Autopista),Negua,Sabado,45,57,2565,30,1350,27,1215
524,2025,A3930,BILBAO - GALDAKAO (Autopista),Gabonak (24-31),Laborable,2,54,108,27,54,27,54
525,2025,A3931,GARAI - DURANGO,Bakarra,Laborable,250,7,1750,4,1000,3,750
526,2025,A3932,GALDAKAO - Metro Bolueta,Negua,Festivo,36,99,3564,48,1728,51,1836
527,2025,A3932,GALDAKAO - Metro Bolueta,Negua,Lunes a Jueves,129,103,13287,52,6708,51,6579
528,2025,A3932,GALDAKAO - Metro Bolueta,Negua,Sabado,32,118,3776,60,1920,58,1856
529,2025,A3932,GALDAKAO - Metro Bolueta,Negua,Viernes,32,109,3488,55,1760,54,1728
530,2025,A3932,GALDAKAO - Metro Bolueta,Uda,Festivo,19,99,1881,48,912,51,969
531,2025,A3932,GALDAKAO - Metro Bolueta,Uda,Lunes a Jueves,65,103,6695,52,3380,51,3315
532,2025,A3932,GALDAKAO - Metro Bolueta,Uda,Sabado,17,118,2006,60,1020,58,986
533,2025,A3932,GALDAKAO - Metro Bolueta,Uda,Viernes,15,117,1755,59,885,58,870
534,2025,A3932,GALDAKAO - Metro Bolueta,Gabonak (25 -1),Festivo,2,68,136,34,68,34,68
535,2025,A3932,GALDAKAO - Metro Bolueta,Bezpera LI,Lunes a Jueves,1,109,109,55,55,54,54
536,2025,A3932,GALDAKAO - Metro Bolueta,Bezpera LV,Laborable,6,117,702,59,354,58,348
537,2025,A3932,GALDAKAO - Metro Bolueta,Bezpera FI,Festivo,2,105,210,51,102,54,108
538,2025,A3932,GALDAKAO - Metro Bolueta,Bezpera FV,Festivo,2,113,226,55,110,58,116
539,2025,A3932,GALDAKAO - Metro Bolueta,Aste Santua,Festivo,2,105,210,51,102,54,108
540,2025,A3932,GALDAKAO - Metro Bolueta,Aste Santua,Sabado,1,114,114,56,56,58,58
541,2025,A3932,GALDAKAO - Metro Bolueta,Bezpera SF,Festivo,2,114,228,56,112,58,116
542,2025,A3932,GALDAKAO - Metro Bolueta,Gabonak 24,Lunes a Jueves,1,93,93,48,48,45,45
543,2025,A3932,GALDAKAO - Metro Bolueta,Gabonak 31,Lunes a Jueves,1,105,105,54,54,51,51
544,2025,A3933,BILBAO - DURANGO (Autopista),Negua,Laborable,228,61,13908,30,6840,31,7068
545,2025,A3933,BILBAO - DURANGO (Autopista),Uda,Laborable,20,31,620,16,320,15,300
546,2025,A3933,BILBAO - DURANGO (Autopista),Gabonak (24-31),Laborable,2,56,112,27,54,29,58
